datetime,symbol,open,high,low,close,volume
2011-09-05 09:00:00,BITSTAMP:BTCUSD,8.0,8.5,7.4,7.4,30.86
2011-09-12 09:00:00,BITSTAMP:BTCUSD,5.8,6.0,4.8,4.92,359.684968
2011-09-19 09:00:00,BITSTAMP:BTCUSD,4.9,6.05,4.9,6.05,294.17555858
2011-09-26 09:00:00,BITSTAMP:BTCUSD,6.06,6.06,4.8,4.82,193.95078914
2011-10-03 09:00:00,BITSTAMP:BTCUSD,4.85,6.25,3.89,3.89,619.30112175
2011-10-10 09:00:00,BITSTAMP:BTCUSD,3.99,4.51,3.93,4.05,496.70280366
2011-10-17 09:00:00,BITSTAMP:BTCUSD,3.92,3.92,2.22,2.27,113.67567266
2011-10-24 09:00:00,BITSTAMP:BTCUSD,2.99,4.4,2.66,3.5,786.29998902
2011-10-31 09:00:00,BITSTAMP:BTCUSD,3.25,3.55,2.95,2.95,531.75220235
2011-11-07 09:00:00,BITSTAMP:BTCUSD,3.08,3.35,2.95,3.35,325.71396942
2011-11-14 09:00:00,BITSTAMP:BTCUSD,2.95,3.0,2.37,2.37,451.68903078
2011-11-21 09:00:00,BITSTAMP:BTCUSD,2.45,15.0,2.25,2.77,818.04224926
2011-11-28 09:00:00,BITSTAMP:BTCUSD,2.67,3.48,2.66,2.93,623.40805645
2011-12-05 09:00:00,BITSTAMP:BTCUSD,2.82,3.5,2.82,3.27,942.46275173
2011-12-12 09:00:00,BITSTAMP:BTCUSD,3.37,3.6,3.25,3.5,437.13214799
2011-12-19 09:00:00,BITSTAMP:BTCUSD,3.5,4.75,3.5,4.27,459.81223274
2011-12-26 09:00:00,BITSTAMP:BTCUSD,4.27,5.0,4.21,5.0,360.58147902
2012-01-02 09:00:00,BITSTAMP:BTCUSD,5.0,7.0,4.93,7.0,348.29897511
2012-01-09 09:00:00,BITSTAMP:BTCUSD,6.99,7.38,6.23,7.15,399.32531445
2012-01-16 09:00:00,BITSTAMP:BTCUSD,6.2,7.1,5.52,6.79,731.83677615
2012-01-23 09:00:00,BITSTAMP:BTCUSD,6.5,6.86,3.8,5.5,393.19403684
2012-01-30 09:00:00,BITSTAMP:BTCUSD,5.3,6.5,3.8,5.6,659.76094088
2012-02-06 09:00:00,BITSTAMP:BTCUSD,5.6,5.9,5.2,5.67,605.4123901
2012-02-13 09:00:00,BITSTAMP:BTCUSD,5.53,5.8,4.14,4.38,1003.28654553
2012-02-20 09:00:00,BITSTAMP:BTCUSD,4.72,5.22,4.3,4.98,1662.84575012
2012-02-27 09:00:00,BITSTAMP:BTCUSD,4.97,5.1,4.6,4.81,1768.19657087
2012-03-05 09:00:00,BITSTAMP:BTCUSD,4.8,5.09,4.77,5.0,1931.06152748
2012-03-12 09:00:00,BITSTAMP:BTCUSD,4.85,5.44,4.85,5.25,3320.56154333
2012-03-19 09:00:00,BITSTAMP:BTCUSD,5.24,5.37,4.54,4.54,1700.83156356
2012-03-26 09:00:00,BITSTAMP:BTCUSD,4.6,4.97,4.54,4.89,1591.67646538
2012-04-02 09:00:00,BITSTAMP:BTCUSD,4.8,5.04,4.69,4.76,2971.01334483
2012-04-09 09:00:00,BITSTAMP:BTCUSD,4.7,5.01,4.7,4.99,3417.66511572
2012-04-16 09:00:00,BITSTAMP:BTCUSD,4.93,5.43,4.93,5.17,2986.45449335
2012-04-23 09:00:00,BITSTAMP:BTCUSD,5.2,5.25,4.81,4.91,6305.5544402
2012-04-30 09:00:00,BITSTAMP:BTCUSD,4.92,5.15,4.86,5.08,4888.3914138
2012-05-07 09:00:00,BITSTAMP:BTCUSD,5.05,5.08,4.87,4.94,3801.05673357
2012-05-14 09:00:00,BITSTAMP:BTCUSD,4.93,5.08,4.88,5.03,3215.90350667
2012-05-21 09:00:00,BITSTAMP:BTCUSD,5.04,5.12,5.0,5.07,4072.16254141
2012-05-28 09:00:00,BITSTAMP:BTCUSD,5.08,5.24,4.95,5.19,4053.67368255
2012-06-04 09:00:00,BITSTAMP:BTCUSD,5.18,5.63,5.14,5.42,6494.09100923
2012-06-11 09:00:00,BITSTAMP:BTCUSD,5.48,6.52,5.4,6.19,18400.56338304
2012-06-18 09:00:00,BITSTAMP:BTCUSD,6.13,6.69,5.98,6.4,9128.44915345
2012-06-25 09:00:00,BITSTAMP:BTCUSD,6.35,6.68,5.99,6.52,29015.80645697
2012-07-02 09:00:00,BITSTAMP:BTCUSD,6.55,6.8,6.36,6.73,11051.75319861
2012-07-09 09:00:00,BITSTAMP:BTCUSD,6.77,7.69,6.55,7.57,8568.65190628
2012-07-16 09:00:00,BITSTAMP:BTCUSD,7.57,9.2,7.14,8.42,17708.52084662
2012-07-23 09:00:00,BITSTAMP:BTCUSD,8.42,9.0,8.1,8.71,9294.69189732
2012-07-30 09:00:00,BITSTAMP:BTCUSD,8.7,12.0,8.54,10.71,13338.8983106
2012-08-06 09:00:00,BITSTAMP:BTCUSD,10.71,12.49,10.43,11.49,12039.89163622
2012-08-13 09:00:00,BITSTAMP:BTCUSD,11.42,16.41,7.1,8.06,21354.0535963
2012-08-20 09:00:00,BITSTAMP:BTCUSD,8.09,10.71,7.86,10.31,23835.23331651
2012-08-27 09:00:00,BITSTAMP:BTCUSD,10.31,11.93,9.49,10.18,18457.40289384
2012-09-03 09:00:00,BITSTAMP:BTCUSD,10.17,11.15,9.95,10.98,12905.95630938
2012-09-10 09:00:00,BITSTAMP:BTCUSD,10.85,11.8,10.38,11.75,15850.18736428
2012-09-17 09:00:00,BITSTAMP:BTCUSD,11.75,12.66,11.58,11.99,10337.37596497
2012-09-24 09:00:00,BITSTAMP:BTCUSD,11.99,12.38,11.53,12.22,14524.89114595
2012-10-01 09:00:00,BITSTAMP:BTCUSD,12.21,12.99,11.5,11.71,26309.51218535
2012-10-08 09:00:00,BITSTAMP:BTCUSD,11.7,12.26,10.42,11.79,11098.02589644
2012-10-15 09:00:00,BITSTAMP:BTCUSD,11.78,11.97,11.03,11.32,21631.21934473
2012-10-22 09:00:00,BITSTAMP:BTCUSD,11.54,11.7,9.5,10.54,16234.38897296
2012-10-29 09:00:00,BITSTAMP:BTCUSD,10.67,11.05,10.32,10.64,16281.44376326
2012-11-05 09:00:00,BITSTAMP:BTCUSD,10.63,10.87,10.25,10.82,19906.27563749
2012-11-12 09:00:00,BITSTAMP:BTCUSD,10.78,11.65,10.72,11.51,16382.41361036
2012-11-19 09:00:00,BITSTAMP:BTCUSD,11.51,12.35,11.03,12.31,24786.24068232
2012-11-26 09:00:00,BITSTAMP:BTCUSD,12.32,12.74,11.75,12.42,23874.84060029
2012-12-03 09:00:00,BITSTAMP:BTCUSD,12.46,13.59,12.32,13.29,23522.2108556
2012-12-10 09:00:00,BITSTAMP:BTCUSD,13.3,13.94,13.03,13.27,26969.97228508
2012-12-17 09:00:00,BITSTAMP:BTCUSD,13.28,13.62,12.75,13.14,21438.13093642
2012-12-24 09:00:00,BITSTAMP:BTCUSD,13.11,13.29,12.91,13.2,13715.9115157
2012-12-31 09:00:00,BITSTAMP:BTCUSD,13.2,13.29,12.77,13.15,13537.88824331
2013-01-07 09:00:00,BITSTAMP:BTCUSD,13.1,14.19,13.04,13.64,24610.93733611
2013-01-14 09:00:00,BITSTAMP:BTCUSD,13.65,15.7,13.5,15.5,30110.80220733
2013-01-21 09:00:00,BITSTAMP:BTCUSD,15.62,19.2,15.45,17.6,39402.74457623
2013-01-28 09:00:00,BITSTAMP:BTCUSD,17.6,21.0,17.48,20.29,28952.75875794
2013-02-04 09:00:00,BITSTAMP:BTCUSD,20.55,23.8,19.9,23.7,24562.65170263
2013-02-11 09:00:00,BITSTAMP:BTCUSD,23.74,27.58,22.42,26.98,41408.25816112
2013-02-18 09:00:00,BITSTAMP:BTCUSD,26.81,31.49,26.29,29.78,31691.92700903
2013-02-25 09:00:00,BITSTAMP:BTCUSD,29.79,34.77,29.78,34.33,23463.79321359
2013-03-04 09:00:00,BITSTAMP:BTCUSD,34.33,49.17,33.0,45.29,48669.01496108
2013-03-11 09:00:00,BITSTAMP:BTCUSD,45.97,48.38,36.0,47.24,24490.88343713
2013-03-18 09:00:00,BITSTAMP:BTCUSD,47.24,76.91,46.98,70.22,55821.95347905
2013-03-25 09:00:00,BITSTAMP:BTCUSD,70.22,97.0,69.25,96.15,41304.94176355
2013-04-01 09:00:00,BITSTAMP:BTCUSD,95.5,165.1,93.7,164.97,53052.65319487
2013-04-08 09:00:00,BITSTAMP:BTCUSD,164.97,259.34,45.0,91.11,134422.53239405
2013-04-15 09:00:00,BITSTAMP:BTCUSD,91.79,140.2,49.8,118.81,152828.45591422
2013-04-22 09:00:00,BITSTAMP:BTCUSD,118.91,170.28,116.0,135.28,80377.88373125
2013-04-29 09:00:00,BITSTAMP:BTCUSD,135.31,151.65,81.5,116.57,113588.42934481
2013-05-06 09:00:00,BITSTAMP:BTCUSD,116.9,123.97,98.77,114.5,65719.40043928
2013-05-13 09:00:00,BITSTAMP:BTCUSD,115.05,118.98,101.72,116.38,52390.28225982
2013-05-20 09:00:00,BITSTAMP:BTCUSD,117.27,130.29,114.03,129.5,47942.31669048
2013-05-27 09:00:00,BITSTAMP:BTCUSD,130.27,131.0,117.02,123.0,57044.3276604
2013-06-03 09:00:00,BITSTAMP:BTCUSD,123.35,125.01,90.0,100.17,80547.13816392
2013-06-10 09:00:00,BITSTAMP:BTCUSD,100.17,111.18,93.1,99.37,52462.36715441
2013-06-17 09:00:00,BITSTAMP:BTCUSD,98.74,108.18,90.0,100.41,47891.95180407
2013-06-24 09:00:00,BITSTAMP:BTCUSD,100.4,102.3,86.2,89.53,50196.392539
2013-07-01 09:00:00,BITSTAMP:BTCUSD,89.41,90.16,63.0,73.96,133259.02437881
2013-07-08 09:00:00,BITSTAMP:BTCUSD,73.97,100.0,70.1,90.03,122433.14629808
2013-07-15 09:00:00,BITSTAMP:BTCUSD,90.02,95.0,77.0,85.93,67216.96492926
2013-07-22 09:00:00,BITSTAMP:BTCUSD,85.73,94.01,82.0,92.71,58309.91200915
2013-07-29 09:00:00,BITSTAMP:BTCUSD,92.72,101.0,90.54,96.38,69876.44404561
2013-08-05 09:00:00,BITSTAMP:BTCUSD,96.38,98.98,90.0,94.09,58687.16448695
2013-08-12 09:00:00,BITSTAMP:BTCUSD,94.0,101.0,93.31,99.3,65172.34787412
2013-08-19 09:00:00,BITSTAMP:BTCUSD,99.32,114.0,99.0,113.12,91039.23906355
2013-08-26 09:00:00,BITSTAMP:BTCUSD,113.12,134.95,110.27,130.66,95129.87795272
2013-09-02 09:00:00,BITSTAMP:BTCUSD,130.65,132.0,115.21,118.34,93518.75049057
2013-09-09 09:00:00,BITSTAMP:BTCUSD,118.37,128.79,115.0,125.36,88454.73604008
2013-09-16 09:00:00,BITSTAMP:BTCUSD,125.36,128.0,121.16,123.27,57728.28403494
2013-09-23 09:00:00,BITSTAMP:BTCUSD,123.27,128.8,121.54,127.01,58941.10499326
2013-09-30 09:00:00,BITSTAMP:BTCUSD,127.0,127.93,85.0,122.49,125860.06582219
2013-10-07 09:00:00,BITSTAMP:BTCUSD,122.49,133.0,120.11,132.82,83396.54156248
2013-10-14 09:00:00,BITSTAMP:BTCUSD,132.83,172.0,132.0,166.59,153229.86797849
2013-10-21 09:00:00,BITSTAMP:BTCUSD,166.6,206.6,156.2,194.0,207412.15948669
2013-10-28 09:00:00,BITSTAMP:BTCUSD,194.99,210.0,190.8,210.0,91019.68008812
2013-11-04 09:00:00,BITSTAMP:BTCUSD,210.0,363.65,207.22,323.0,312360.8255509
2013-11-11 09:00:00,BITSTAMP:BTCUSD,323.0,480.0,310.1,477.38,193318.20060222
2013-11-18 09:00:00,BITSTAMP:BTCUSD,478.1,874.81,378.0,800.05,282490.0
2013-11-25 09:00:00,BITSTAMP:BTCUSD,800.01,1163.0,770.1,948.0,216235.0
2013-12-02 09:00:00,BITSTAMP:BTCUSD,955.0,1153.27,542.38,784.9,273536.0
2013-12-09 09:00:00,BITSTAMP:BTCUSD,787.0,989.6,766.66,862.0,130063.0
2013-12-16 09:00:00,BITSTAMP:BTCUSD,861.98,864.0,382.21,614.11,373297.0
2013-12-23 09:00:00,BITSTAMP:BTCUSD,612.66,764.32,607.77,728.0,97998.0
2013-12-30 09:00:00,BITSTAMP:BTCUSD,728.01,948.0,709.0,903.43,87249.0
2014-01-06 09:00:00,BITSTAMP:BTCUSD,905.0,995.0,765.0,844.05,152463.0
2014-01-13 09:00:00,BITSTAMP:BTCUSD,844.04,850.26,765.0,841.13,80260.0
2014-01-20 09:00:00,BITSTAMP:BTCUSD,841.5,845.0,767.02,814.92,63953.0
2014-01-27 09:00:00,BITSTAMP:BTCUSD,814.67,827.38,725.0,815.0,85555.0
2014-02-03 09:00:00,BITSTAMP:BTCUSD,814.94,815.0,619.0,687.37,136186.0
2014-02-10 09:00:00,BITSTAMP:BTCUSD,688.0,720.0,530.0,619.01,270912.0
2014-02-17 09:00:00,BITSTAMP:BTCUSD,621.0,664.99,530.01,611.99,148970.0
2014-02-24 09:00:00,BITSTAMP:BTCUSD,609.9,629.0,400.0,561.36,276911.0
2014-03-03 09:00:00,BITSTAMP:BTCUSD,565.38,710.0,562.02,640.0,156114.0
2014-03-10 09:00:00,BITSTAMP:BTCUSD,638.4,656.95,609.0,633.04,55902.0
2014-03-17 09:00:00,BITSTAMP:BTCUSD,634.99,634.99,541.0,562.28,83914.0
2014-03-24 09:00:00,BITSTAMP:BTCUSD,558.22,592.6,436.0,460.0,154294.0
2014-03-31 09:00:00,BITSTAMP:BTCUSD,460.0,509.98,416.11,456.27,132765.57866057
2014-04-07 09:00:00,BITSTAMP:BTCUSD,459.97,464.19,339.79,416.3,134935.80167742
2014-04-14 09:00:00,BITSTAMP:BTCUSD,416.29,548.0,408.0,500.0,143962.0
2014-04-21 09:00:00,BITSTAMP:BTCUSD,501.07,515.0,429.95,430.0,81594.0
2014-04-28 09:00:00,BITSTAMP:BTCUSD,430.0,465.88,424.0,438.04,72847.0
2014-05-05 09:00:00,BITSTAMP:BTCUSD,435.88,459.24,420.27,440.0,56643.0
2014-05-12 09:00:00,BITSTAMP:BTCUSD,437.67,452.67,430.61,446.91,30658.0
2014-05-19 09:00:00,BITSTAMP:BTCUSD,446.91,586.34,441.44,573.9,102108.0
2014-05-26 09:00:00,BITSTAMP:BTCUSD,573.5,683.26,550.22,630.99,104661.0
2014-06-02 09:00:00,BITSTAMP:BTCUSD,630.99,680.99,613.03,658.0,76344.0
2014-06-09 09:00:00,BITSTAMP:BTCUSD,658.0,659.0,538.38,588.55,91726.0
2014-06-16 09:00:00,BITSTAMP:BTCUSD,592.0,616.0,580.0,600.34,41476.0
2014-06-23 09:00:00,BITSTAMP:BTCUSD,600.34,604.21,554.45,599.89,38907.0
2014-06-30 09:00:00,BITSTAMP:BTCUSD,599.86,658.88,595.51,630.57,48840.0
2014-07-07 09:00:00,BITSTAMP:BTCUSD,633.87,642.57,607.9,630.88,27779.0
2014-07-14 09:00:00,BITSTAMP:BTCUSD,630.88,632.96,610.0,627.0,23989.0
2014-07-21 09:00:00,BITSTAMP:BTCUSD,626.98,628.0,589.0,590.3,33635.0
2014-07-28 09:00:00,BITSTAMP:BTCUSD,592.61,607.2,555.9,588.73,52486.0
2014-08-04 09:00:00,BITSTAMP:BTCUSD,587.53,597.0,576.44,590.96,33187.0
2014-08-11 09:00:00,BITSTAMP:BTCUSD,590.98,590.99,481.55,496.86,98942.0
2014-08-18 09:00:00,BITSTAMP:BTCUSD,498.0,534.14,442.0,507.85,99816.0
2014-08-25 09:00:00,BITSTAMP:BTCUSD,507.84,523.09,473.33,479.04,50233.0
2014-09-01 09:00:00,BITSTAMP:BTCUSD,479.01,497.0,470.42,475.43,42601.0
2014-09-08 09:00:00,BITSTAMP:BTCUSD,477.4,492.0,456.3,475.49,58707.0
2014-09-15 09:00:00,BITSTAMP:BTCUSD,475.47,479.62,378.78,399.55,110300.0
2014-09-22 09:00:00,BITSTAMP:BTCUSD,400.77,452.67,368.9,375.35,98146.0
2014-09-29 09:00:00,BITSTAMP:BTCUSD,375.35,397.75,275.0,323.52,168624.0
2014-10-06 09:00:00,BITSTAMP:BTCUSD,322.82,395.55,295.89,378.11,213569.0
2014-10-13 09:00:00,BITSTAMP:BTCUSD,378.48,417.99,368.07,387.53,113429.0
2014-10-20 09:00:00,BITSTAMP:BTCUSD,389.06,393.52,341.22,355.18,83534.0
2014-10-27 09:00:00,BITSTAMP:BTCUSD,355.19,358.65,316.61,324.36,70289.29106021
2014-11-03 09:00:00,BITSTAMP:BTCUSD,324.23,366.35,320.0,364.77,75958.0
2014-11-10 09:00:00,BITSTAMP:BTCUSD,365.37,453.92,357.3,389.86,166440.0
2014-11-17 09:00:00,BITSTAMP:BTCUSD,389.86,415.0,342.05,367.17,94594.0
2014-11-24 09:00:00,BITSTAMP:BTCUSD,367.17,395.11,358.0,377.01,78335.0
2014-12-01 09:00:00,BITSTAMP:BTCUSD,376.09,383.0,360.0,377.26,47592.0
2014-12-08 09:00:00,BITSTAMP:BTCUSD,376.03,377.26,339.8,356.52,72326.0
2014-12-15 09:00:00,BITSTAMP:BTCUSD,357.3,357.3,304.99,320.01,103910.0
2014-12-22 09:00:00,BITSTAMP:BTCUSD,320.88,338.99,311.22,317.64,48463.98107058
2014-12-29 09:00:00,BITSTAMP:BTCUSD,317.64,321.0,255.0,264.0,91898.86458618
2015-01-05 09:00:00,BITSTAMP:BTCUSD,264.55,305.0,262.08,266.39,61650.24748559
2015-01-12 09:00:00,BITSTAMP:BTCUSD,266.34,272.43,152.4,211.85,350581.0
2015-01-19 09:00:00,BITSTAMP:BTCUSD,211.8,257.0,201.98,255.31,133039.0
2015-01-26 09:00:00,BITSTAMP:BTCUSD,254.67,309.9,208.48,226.93,188904.0
2015-02-02 09:00:00,BITSTAMP:BTCUSD,226.93,244.39,210.43,223.88,95147.0
2015-02-09 09:00:00,BITSTAMP:BTCUSD,223.92,267.92,215.0,235.63,114347.0
2015-02-16 09:00:00,BITSTAMP:BTCUSD,235.61,249.32,229.2,236.5,66883.0
2015-02-23 09:00:00,BITSTAMP:BTCUSD,236.46,260.25,232.05,258.34,58091.19334239
2015-03-02 09:00:00,BITSTAMP:BTCUSD,257.95,284.95,255.61,275.0,81515.0
2015-03-09 09:00:00,BITSTAMP:BTCUSD,275.0,297.95,274.17,286.75,56964.0
2015-03-16 09:00:00,BITSTAMP:BTCUSD,286.79,294.26,249.0,267.74,65585.0
2015-03-23 09:00:00,BITSTAMP:BTCUSD,268.28,270.07,236.4,242.0,67217.0
2015-03-30 09:00:00,BITSTAMP:BTCUSD,242.41,261.0,236.52,260.54,45399.0
2015-04-06 09:00:00,BITSTAMP:BTCUSD,260.57,262.98,231.0,236.5,49955.0
2015-04-13 09:00:00,BITSTAMP:BTCUSD,236.42,236.9,210.0,222.54,71745.0
2015-04-20 09:00:00,BITSTAMP:BTCUSD,222.54,238.64,214.98,219.52,59837.0
2015-04-27 09:00:00,BITSTAMP:BTCUSD,219.52,242.25,217.52,239.0,59469.0
2015-05-04 09:00:00,BITSTAMP:BTCUSD,239.73,247.01,227.01,239.13,54029.0
2015-05-11 09:00:00,BITSTAMP:BTCUSD,239.13,244.51,232.22,235.97,44906.0
2015-05-18 09:00:00,BITSTAMP:BTCUSD,235.69,241.64,230.86,239.22,41712.0
2015-05-25 09:00:00,BITSTAMP:BTCUSD,239.69,240.1,228.0,228.91,42210.0
2015-06-01 09:00:00,BITSTAMP:BTCUSD,228.91,231.2,219.03,222.7,44776.0
2015-06-08 09:00:00,BITSTAMP:BTCUSD,222.65,234.0,222.31,232.09,42427.0
2015-06-15 09:00:00,BITSTAMP:BTCUSD,232.08,257.39,231.55,243.64,69416.0
2015-06-22 09:00:00,BITSTAMP:BTCUSD,243.6,252.0,238.2,248.62,40189.0
2015-06-29 09:00:00,BITSTAMP:BTCUSD,248.63,274.74,248.3,271.5,96572.0
2015-07-06 09:00:00,BITSTAMP:BTCUSD,271.39,317.99,263.01,310.55,126826.0
2015-07-13 09:00:00,BITSTAMP:BTCUSD,310.55,310.73,272.31,275.47,96837.0
2015-07-20 09:00:00,BITSTAMP:BTCUSD,275.08,294.0,274.62,293.19,61121.0
2015-07-27 09:00:00,BITSTAMP:BTCUSD,292.85,297.44,276.57,282.32,61130.0
2015-08-03 09:00:00,BITSTAMP:BTCUSD,282.53,285.88,260.41,265.05,53838.0
2015-08-10 09:00:00,BITSTAMP:BTCUSD,265.05,271.5,254.01,256.11,61323.0
2015-08-17 09:00:00,BITSTAMP:BTCUSD,256.11,259.12,221.11,228.89,103711.0
2015-08-24 09:00:00,BITSTAMP:BTCUSD,228.35,235.93,198.12,229.0,171825.0
2015-08-31 09:00:00,BITSTAMP:BTCUSD,229.04,244.2,224.39,240.28,147352.0
2015-09-07 09:00:00,BITSTAMP:BTCUSD,240.28,246.24,228.0,229.66,141430.0
2015-09-14 09:00:00,BITSTAMP:BTCUSD,229.66,235.0,223.0,230.16,110555.0
2015-09-21 09:00:00,BITSTAMP:BTCUSD,230.1,237.25,223.12,232.41,126047.76858134
2015-09-28 09:00:00,BITSTAMP:BTCUSD,232.4,240.56,231.69,238.6,128538.85502957
2015-10-05 09:00:00,BITSTAMP:BTCUSD,238.6,248.5,236.1,248.05,135307.11344563
2015-10-12 09:00:00,BITSTAMP:BTCUSD,248.05,273.0,242.82,261.05,155701.82236152
2015-10-19 09:00:00,BITSTAMP:BTCUSD,260.99,296.0,259.82,283.96,168402.53356619
2015-10-26 09:00:00,BITSTAMP:BTCUSD,283.96,334.67,279.25,325.78,201212.38152531
2015-11-02 09:00:00,BITSTAMP:BTCUSD,325.78,502.0,320.0,372.65,389244.80242046
2015-11-09 09:00:00,BITSTAMP:BTCUSD,372.86,386.79,294.0,319.28,242015.95457173
2015-11-16 09:00:00,BITSTAMP:BTCUSD,319.29,350.44,310.0,324.2,134629.32171645
2015-11-23 09:00:00,BITSTAMP:BTCUSD,324.2,373.15,316.0,371.48,89360.315076
2015-11-30 09:00:00,BITSTAMP:BTCUSD,371.2,399.85,348.64,388.24,99512.53869288
2015-12-07 09:00:00,BITSTAMP:BTCUSD,388.54,467.8,381.01,433.07,126431.75886482
2015-12-14 09:00:00,BITSTAMP:BTCUSD,433.13,466.64,428.42,442.54,100145.15242845
2015-12-21 09:00:00,BITSTAMP:BTCUSD,442.47,459.54,407.25,421.76,80834.52139994
2015-12-28 09:00:00,BITSTAMP:BTCUSD,421.78,436.0,417.01,431.04,43626.28162397
2016-01-04 09:00:00,BITSTAMP:BTCUSD,431.54,465.0,426.54,448.79,50799.80943809
2016-01-11 09:00:00,BITSTAMP:BTCUSD,448.2,451.13,352.0,380.16,100170.19957908
2016-01-18 09:00:00,BITSTAMP:BTCUSD,379.94,422.98,372.53,402.16,76684.60157332
2016-01-25 09:00:00,BITSTAMP:BTCUSD,402.16,402.31,363.73,368.49,50604.93544585
2016-02-01 09:00:00,BITSTAMP:BTCUSD,368.49,391.88,365.0,375.0,49519.03779802
2016-02-08 09:00:00,BITSTAMP:BTCUSD,375.0,406.71,369.12,405.0,53282.38643921
2016-02-15 09:00:00,BITSTAMP:BTCUSD,405.5,447.99,393.4,438.5,63646.25819915
2016-02-22 09:00:00,BITSTAMP:BTCUSD,438.33,440.0,409.07,431.68,41502.53264457
2016-02-29 09:00:00,BITSTAMP:BTCUSD,430.26,440.99,382.0,406.23,58580.72208624
2016-03-07 09:00:00,BITSTAMP:BTCUSD,406.15,421.91,403.03,413.04,35522.59984296
2016-03-14 09:00:00,BITSTAMP:BTCUSD,412.99,419.0,403.34,411.28,28681.41428697
2016-03-21 09:00:00,BITSTAMP:BTCUSD,410.62,419.0,406.5,416.64,19082.60903897
2016-03-28 09:00:00,BITSTAMP:BTCUSD,424.62,424.77,407.22,419.11,24971.10193465
2016-04-04 09:00:00,BITSTAMP:BTCUSD,418.51,423.99,412.0,418.36,21245.4044318
2016-04-11 09:00:00,BITSTAMP:BTCUSD,420.4,432.87,377.87,427.42,22354.82626638
2016-04-18 09:00:00,BITSTAMP:BTCUSD,427.15,470.02,378.98,460.02,34850.340012
2016-04-25 09:00:00,BITSTAMP:BTCUSD,460.03,469.87,393.15,453.0,27251.8978701
2016-05-02 09:00:00,BITSTAMP:BTCUSD,452.99,463.97,438.59,458.21,26993.04077955
2016-05-09 09:00:00,BITSTAMP:BTCUSD,457.75,464.79,447.38,457.56,21889.61596062
2016-05-16 09:00:00,BITSTAMP:BTCUSD,457.56,458.0,435.0,438.8,22944.61523209
2016-05-23 09:00:00,BITSTAMP:BTCUSD,438.72,540.0,436.4,517.84,46135.44144764
2016-05-30 09:00:00,BITSTAMP:BTCUSD,517.6,588.71,510.01,573.91,47957.46871422
2016-06-06 09:00:00,BITSTAMP:BTCUSD,573.8,683.02,563.0,672.13,39798.13796659
2016-06-13 09:00:00,BITSTAMP:BTCUSD,668.73,778.85,655.0,761.44,74852.81699909
2016-06-20 09:00:00,BITSTAMP:BTCUSD,759.12,763.99,540.17,657.79,104143.95399672
2016-06-27 09:00:00,BITSTAMP:BTCUSD,630.16,704.99,618.03,658.27,49986.59694241
2016-07-04 09:00:00,BITSTAMP:BTCUSD,659.77,682.36,605.5,648.76,38661.74847759
2016-07-11 09:00:00,BITSTAMP:BTCUSD,648.77,684.19,639.31,679.54,24577.20663534
2016-07-18 09:00:00,BITSTAMP:BTCUSD,679.54,682.21,645.0,661.47,18737.11457925
2016-07-25 09:00:00,BITSTAMP:BTCUSD,659.64,661.99,614.97,623.83,17468.27632279
2016-08-01 09:00:00,BITSTAMP:BTCUSD,622.5,630.0,465.28,592.47,65343.91798719
2016-08-08 09:00:00,BITSTAMP:BTCUSD,592.47,603.0,556.24,568.76,22051.03813641
2016-08-15 09:00:00,BITSTAMP:BTCUSD,568.76,583.99,552.3,577.55,25677.59997265
2016-08-22 09:00:00,BITSTAMP:BTCUSD,577.55,585.95,564.81,573.2,23525.50450765
2016-08-29 09:00:00,BITSTAMP:BTCUSD,573.2,609.05,566.86,603.72,25116.71917695
2016-09-05 09:00:00,BITSTAMP:BTCUSD,605.72,628.99,592.46,606.32,26822.90990208
2016-09-12 09:00:00,BITSTAMP:BTCUSD,604.08,610.69,601.1,608.0,18000.02840779
2016-09-19 09:00:00,BITSTAMP:BTCUSD,608.0,609.5,592.1,598.98,17473.75618523
2016-09-26 09:00:00,BITSTAMP:BTCUSD,598.95,614.28,596.1,608.6,17480.03541049
2016-10-03 09:00:00,BITSTAMP:BTCUSD,608.6,616.99,604.99,613.06,15682.32731974
2016-10-10 09:00:00,BITSTAMP:BTCUSD,612.12,642.0,612.12,638.97,21232.50503502
2016-10-17 09:00:00,BITSTAMP:BTCUSD,638.97,656.0,624.13,648.74,23129.99591567
2016-10-24 09:00:00,BITSTAMP:BTCUSD,648.71,717.99,640.0,697.23,33380.1284258
2016-10-31 09:00:00,BITSTAMP:BTCUSD,697.1,745.19,670.32,709.93,37188.97620699
2016-11-07 09:00:00,BITSTAMP:BTCUSD,709.92,740.86,683.23,700.38,35418.39312969
2016-11-14 09:00:00,BITSTAMP:BTCUSD,700.38,755.07,697.14,727.09,43254.63053263
2016-11-21 09:00:00,BITSTAMP:BTCUSD,727.09,750.0,722.3,727.32,26673.41090692
2016-11-28 09:00:00,BITSTAMP:BTCUSD,727.32,778.07,721.0,762.0,36581.17352873
2016-12-05 09:00:00,BITSTAMP:BTCUSD,762.0,774.12,743.0,768.97,28520.87983248
2016-12-12 09:00:00,BITSTAMP:BTCUSD,768.97,793.27,765.1,788.67,21477.81845389
2016-12-19 09:00:00,BITSTAMP:BTCUSD,788.34,920.0,787.01,890.67,56709.60192418
2016-12-26 09:00:00,BITSTAMP:BTCUSD,890.65,1005.0,888.0,997.75,52597.39938604
2017-01-02 09:00:00,BITSTAMP:BTCUSD,997.75,1139.89,812.28,909.75,130728.25835107
2017-01-09 09:00:00,BITSTAMP:BTCUSD,909.8,918.4,751.34,821.86,92826.21566664
2017-01-16 09:00:00,BITSTAMP:BTCUSD,821.86,937.74,818.09,923.76,60386.56034769
2017-01-23 09:00:00,BITSTAMP:BTCUSD,923.75,927.57,881.48,912.01,30759.39263187
2017-01-30 09:00:00,BITSTAMP:BTCUSD,913.12,1044.23,910.0,1011.07,48914.77048103
2017-02-06 09:00:00,BITSTAMP:BTCUSD,1010.03,1074.69,913.73,1000.73,63161.77528095
2017-02-13 09:00:00,BITSTAMP:BTCUSD,1000.73,1068.99,975.1,1051.8,33282.25374074
2017-02-20 09:00:00,BITSTAMP:BTCUSD,1051.8,1220.0,1044.39,1179.05,64898.33535486
2017-02-27 09:00:00,BITSTAMP:BTCUSD,1180.46,1298.0,1169.0,1273.0,41646.79528272
2017-03-06 09:00:00,BITSTAMP:BTCUSD,1269.98,1350.0,975.0,1226.62,86539.53241125
2017-03-13 09:00:00,BITSTAMP:BTCUSD,1226.42,1260.0,944.36,1017.97,78732.98939892
2017-03-20 09:00:00,BITSTAMP:BTCUSD,1012.88,1117.9,891.33,960.0,77470.53548879
2017-03-27 09:00:00,BITSTAMP:BTCUSD,959.08,1100.0,952.95,1078.01,60680.03660101
2017-04-03 09:00:00,BITSTAMP:BTCUSD,1076.59,1216.87,1076.19,1206.2,46207.07742554
2017-04-10 09:00:00,BITSTAMP:BTCUSD,1205.2,1229.0,1141.0,1162.31,31268.6115208
2017-04-17 09:00:00,BITSTAMP:BTCUSD,1162.31,1252.32,1161.0,1241.99,32950.74663674
2017-04-24 09:00:00,BITSTAMP:BTCUSD,1242.0,1356.0,1234.0,1350.21,39411.95591813
2017-05-01 09:00:00,BITSTAMP:BTCUSD,1348.88,1623.01,1341.22,1554.01,79409.84428198
2017-05-08 09:00:00,BITSTAMP:BTCUSD,1554.38,1892.0,1554.38,1784.0,94671.97949056
2017-05-15 09:00:00,BITSTAMP:BTCUSD,1782.3,2063.11,1641.22,2017.55,93126.14311167
2017-05-22 09:00:00,BITSTAMP:BTCUSD,2017.55,2760.1,1850.0,2178.81,155768.45194677
2017-05-29 09:00:00,BITSTAMP:BTCUSD,2172.54,2584.34,2110.0,2530.27,93043.44403407
2017-06-05 09:00:00,BITSTAMP:BTCUSD,2530.27,2967.46,2525.28,2954.22,93979.26297278
2017-06-12 09:00:00,BITSTAMP:BTCUSD,2954.23,2980.0,2120.0,2516.98,148795.7937454
2017-06-19 09:00:00,BITSTAMP:BTCUSD,2516.98,2789.0,2432.0,2502.03,84989.14520239
2017-06-26 09:00:00,BITSTAMP:BTCUSD,2502.26,2594.78,2291.0,2504.37,88202.38791121
2017-07-03 09:00:00,BITSTAMP:BTCUSD,2504.81,2639.47,2462.0,2502.28,59904.36464813
2017-07-10 09:00:00,BITSTAMP:BTCUSD,2504.0,2527.88,1830.0,1917.63,114603.96642806
2017-07-17 09:00:00,BITSTAMP:BTCUSD,1917.72,2938.0,1910.57,2749.02,144460.87969896
2017-07-24 09:00:00,BITSTAMP:BTCUSD,2756.8,2825.0,2400.0,2742.37,95398.49285979
2017-07-31 09:00:00,BITSTAMP:BTCUSD,2745.76,3339.66,2615.0,3222.75,70478.58583209
2017-08-07 09:00:00,BITSTAMP:BTCUSD,3216.78,4190.0,3178.72,4053.87,91259.76614428
2017-08-14 09:00:00,BITSTAMP:BTCUSD,4053.87,4480.0,3800.0,4058.68,106015.99573945
2017-08-21 09:00:00,BITSTAMP:BTCUSD,4058.64,4449.98,3600.0,4337.68,79305.31569954
2017-08-28 09:00:00,BITSTAMP:BTCUSD,4329.91,4979.9,4169.01,4606.26,81722.33065185
2017-09-04 09:00:00,BITSTAMP:BTCUSD,4603.68,4679.97,4001.93,4226.22,120234.19455683
2017-09-11 09:00:00,BITSTAMP:BTCUSD,4226.21,4377.65,2972.01,3662.99,190649.19788805
2017-09-18 09:00:00,BITSTAMP:BTCUSD,3662.95,4122.7,3514.0,3664.22,93688.94717086
2017-09-25 09:00:00,BITSTAMP:BTCUSD,3667.01,4377.22,3658.39,4377.22,76596.22231939
2017-10-02 09:00:00,BITSTAMP:BTCUSD,4369.33,4612.0,4137.96,4597.98,60774.35123881
2017-10-09 09:00:00,BITSTAMP:BTCUSD,4597.97,5846.43,4541.0,5679.7,102154.07757071
2017-10-16 09:00:00,BITSTAMP:BTCUSD,5683.92,6180.0,5101.36,5969.0,89751.55898138
2017-10-23 09:00:00,BITSTAMP:BTCUSD,5967.38,6316.85,5366.0,6137.37,90679.39483727
2017-10-30 09:00:00,BITSTAMP:BTCUSD,6133.01,7590.0,6024.03,7372.72,96898.05082758
2017-11-06 09:00:00,BITSTAMP:BTCUSD,7373.3,7888.0,5555.55,5870.37,149308.51562305
2017-11-13 09:00:00,BITSTAMP:BTCUSD,5870.03,8087.35,5846.0,8016.58,108764.32010924
2017-11-20 09:00:00,BITSTAMP:BTCUSD,8016.58,9366.6,7770.0,9271.06,70679.2142902
2017-11-27 09:00:00,BITSTAMP:BTCUSD,9278.99,11800.01,9000.0,11250.0,123566.89997717
2017-12-04 09:00:00,BITSTAMP:BTCUSD,11250.0,16666.66,10850.0,14691.0,131326.74450438
2017-12-11 09:00:00,BITSTAMP:BTCUSD,14690.99,19666.0,14677.19,18953.0,99156.70350496
2017-12-18 09:00:00,BITSTAMP:BTCUSD,18953.0,19220.0,11159.93,14157.87,185506.94820202
2017-12-25 09:00:00,BITSTAMP:BTCUSD,14107.87,16480.52,12050.0,13880.0,105655.47664079
2018-01-01 09:00:00,BITSTAMP:BTCUSD,13880.0,17234.99,12801.38,16124.02,85618.44777872
2018-01-08 09:00:00,BITSTAMP:BTCUSD,16173.98,16300.0,12800.0,13647.99,97200.21280593
2018-01-15 09:00:00,BITSTAMP:BTCUSD,13647.99,14394.36,9222.0,11558.87,146905.07956877
2018-01-22 09:00:00,BITSTAMP:BTCUSD,11558.87,11989.15,9927.54,11685.58,91513.06537417
2018-01-29 09:00:00,BITSTAMP:BTCUSD,11685.58,11820.01,7625.25,8191.0,149903.6314201
2018-02-05 09:00:00,BITSTAMP:BTCUSD,8190.78,9090.8,5920.72,8067.0,218693.54381938
2018-02-12 09:00:00,BITSTAMP:BTCUSD,8077.25,11300.0,8067.0,10421.06,108881.53022749
2018-02-19 09:00:00,BITSTAMP:BTCUSD,10433.68,11780.0,9260.0,9590.04,108623.50575305
2018-02-26 09:00:00,BITSTAMP:BTCUSD,9595.99,11511.0,9376.34,11463.27,69483.63177713
2018-03-05 09:00:00,BITSTAMP:BTCUSD,11479.68,11688.0,8366.0,9535.04,131615.3328438
2018-03-12 09:00:00,BITSTAMP:BTCUSD,9535.04,9892.0,7325.37,8188.24,122425.7834206
2018-03-19 09:00:00,BITSTAMP:BTCUSD,8205.55,9188.1,8114.17,8453.9,90177.221052
2018-03-26 09:00:00,BITSTAMP:BTCUSD,8451.12,8500.0,6427.16,6813.52,119382.4103937
2018-04-02 09:00:00,BITSTAMP:BTCUSD,6816.31,7506.84,6510.0,7027.26,77901.59809296
2018-04-09 09:00:00,BITSTAMP:BTCUSD,7027.26,8417.0,6611.49,8354.22,77527.21424147
2018-04-16 09:00:00,BITSTAMP:BTCUSD,8353.43,9036.52,7806.81,8789.96,79550.1874566
2018-04-23 09:00:00,BITSTAMP:BTCUSD,8781.7,9755.53,8647.29,9393.99,121700.1351529
2018-04-30 09:00:00,BITSTAMP:BTCUSD,9396.32,9948.98,8815.91,9623.54,65354.66076284
2018-05-07 09:00:00,BITSTAMP:BTCUSD,9621.99,9634.5,8208.81,8696.58,93852.55148299
2018-05-14 09:00:00,BITSTAMP:BTCUSD,8696.54,8900.9,7929.53,8518.48,68487.69967444
2018-05-21 09:00:00,BITSTAMP:BTCUSD,8518.64,8589.1,7213.09,7347.39,61787.16583119
2018-05-28 09:00:00,BITSTAMP:BTCUSD,7348.64,7790.69,7026.9,7703.67,49415.23280809
2018-06-04 09:00:00,BITSTAMP:BTCUSD,7712.97,7764.44,6627.7,6781.17,53345.05560891
2018-06-11 09:00:00,BITSTAMP:BTCUSD,6781.17,6919.97,6120.0,6453.41,67121.74696301
2018-06-18 09:00:00,BITSTAMP:BTCUSD,6451.03,6841.81,5780.0,6153.4,55968.55692368
2018-06-25 09:00:00,BITSTAMP:BTCUSD,6153.6,6510.0,5774.72,6349.99,56900.77190439
2018-07-02 09:00:00,BITSTAMP:BTCUSD,6345.48,6820.0,6270.69,6706.6,44562.95908188
2018-07-09 09:00:00,BITSTAMP:BTCUSD,6706.6,6814.72,6072.0,6349.3,42533.16345144
2018-07-16 09:00:00,BITSTAMP:BTCUSD,6353.25,7696.88,6333.63,7396.6,62789.82410927
2018-07-23 09:00:00,BITSTAMP:BTCUSD,7393.5,8496.96,7369.86,8216.74,65167.53075057
2018-07-30 09:00:00,BITSTAMP:BTCUSD,8216.74,8295.0,6888.88,7032.61,62905.64863324
2018-08-06 09:00:00,BITSTAMP:BTCUSD,7028.89,7157.93,5995.75,6310.82,69594.76180375
2018-08-13 09:00:00,BITSTAMP:BTCUSD,6311.99,6628.5,5880.0,6481.99,56003.42076059
2018-08-20 09:00:00,BITSTAMP:BTCUSD,6481.63,6906.81,6223.9,6700.46,42724.85921257
2018-08-27 09:00:00,BITSTAMP:BTCUSD,6700.13,7334.5,6641.35,7290.31,40370.70113209
2018-09-03 09:00:00,BITSTAMP:BTCUSD,7291.94,7411.85,6094.38,6236.04,49374.32164329
2018-09-10 09:00:00,BITSTAMP:BTCUSD,6238.99,6587.0,6162.06,6499.98,30741.47909193
2018-09-17 09:00:00,BITSTAMP:BTCUSD,6499.28,6826.28,6100.0,6702.22,38303.6896632
2018-09-24 09:00:00,BITSTAMP:BTCUSD,6703.37,6792.28,6324.96,6597.81,35704.88184016
2018-10-01 09:00:00,BITSTAMP:BTCUSD,6597.79,6641.35,6396.34,6577.63,25762.45081576
2018-10-08 09:00:00,BITSTAMP:BTCUSD,6574.15,6656.63,6055.28,6183.0,28853.46742597
2018-10-15 09:00:00,BITSTAMP:BTCUSD,6185.04,6756.0,6149.28,6413.38,33476.46489434
2018-10-22 09:00:00,BITSTAMP:BTCUSD,6412.62,6473.0,6354.26,6405.57,16893.73406207
2018-10-29 09:00:00,BITSTAMP:BTCUSD,6404.27,6475.0,6199.25,6421.76,21489.47455922
2018-11-05 09:00:00,BITSTAMP:BTCUSD,6428.23,6544.0,6269.46,6357.54,21831.42376578
2018-11-12 09:00:00,BITSTAMP:BTCUSD,6352.57,6388.21,5199.8,5559.26,65608.29557341
2018-11-19 09:00:00,BITSTAMP:BTCUSD,5553.01,5559.69,3474.73,3938.89,154152.19588431
2018-11-26 09:00:00,BITSTAMP:BTCUSD,3934.22,4409.77,3522.28,4102.05,107895.62806324
2018-12-03 09:00:00,BITSTAMP:BTCUSD,4099.63,4115.15,3210.0,3529.75,96601.31212121
2018-12-10 09:00:00,BITSTAMP:BTCUSD,3528.68,3588.43,3122.28,3193.78,64611.98328929
2018-12-17 09:00:00,BITSTAMP:BTCUSD,3191.41,4172.07,3181.26,3943.83,106569.35139072
2018-12-24 09:00:00,BITSTAMP:BTCUSD,3947.82,4236.84,3566.0,3835.79,71427.10120158
2018-12-31 09:00:00,BITSTAMP:BTCUSD,3831.03,4090.0,3629.66,4040.71,38663.53776047
2019-01-07 09:00:00,BITSTAMP:BTCUSD,4040.71,4112.0,3476.0,3515.95,62437.59428974
2019-01-14 09:00:00,BITSTAMP:BTCUSD,3517.03,3774.0,3470.0,3536.72,47855.80928192
2019-01-21 09:00:00,BITSTAMP:BTCUSD,3537.42,3657.89,3401.36,3533.23,34870.15946036
2019-01-28 09:00:00,BITSTAMP:BTCUSD,3532.23,3536.77,3322.19,3414.82,41811.02770177
2019-02-04 09:00:00,BITSTAMP:BTCUSD,3413.75,3711.04,3328.7,3650.37,40319.33033481
2019-02-11 09:00:00,BITSTAMP:BTCUSD,3651.32,3663.34,3531.01,3625.6,46582.74961214
2019-02-18 09:00:00,BITSTAMP:BTCUSD,3625.6,4190.0,3614.82,3730.68,74297.49436444
2019-02-25 09:00:00,BITSTAMP:BTCUSD,3733.78,3897.62,3658.19,3789.52,40257.9466774
2019-03-04 09:00:00,BITSTAMP:BTCUSD,3789.7,3950.25,3670.0,3897.92,44775.62862541
2019-03-11 09:00:00,BITSTAMP:BTCUSD,3898.14,4040.0,3775.01,3965.5,37933.24745073
2019-03-18 09:00:00,BITSTAMP:BTCUSD,3965.63,4055.35,3919.63,3969.99,32461.39359573
2019-03-25 09:00:00,BITSTAMP:BTCUSD,3970.23,4130.36,3850.45,4096.08,38024.94549031
2019-04-01 09:00:00,BITSTAMP:BTCUSD,4092.02,5345.0,4052.56,5190.85,117084.65931911
2019-04-08 09:00:00,BITSTAMP:BTCUSD,5192.92,5466.06,4912.0,5162.72,64553.1486152
2019-04-15 09:00:00,BITSTAMP:BTCUSD,5160.54,5362.97,4948.57,5295.65,41797.6059345
2019-04-22 09:00:00,BITSTAMP:BTCUSD,5295.96,5627.0,4991.42,5160.98,60706.17826832
2019-04-29 09:00:00,BITSTAMP:BTCUSD,5152.98,5846.13,5071.58,5709.32,47315.30063962
2019-05-06 09:00:00,BITSTAMP:BTCUSD,5714.4,7585.0,5562.44,6974.35,96521.5603431
2019-05-13 09:00:00,BITSTAMP:BTCUSD,6968.84,8390.95,6178.0,8200.0,130340.3077342
2019-05-20 09:00:00,BITSTAMP:BTCUSD,8193.45,8802.29,7468.31,8733.26,58959.95818376
2019-05-27 09:00:00,BITSTAMP:BTCUSD,8733.27,9096.79,8000.0,8734.49,57315.05297327
2019-06-03 09:00:00,BITSTAMP:BTCUSD,8735.84,8745.96,7432.84,7632.99,61144.24456892
2019-06-10 09:00:00,BITSTAMP:BTCUSD,7629.98,9391.85,7523.16,8974.19,57491.10195461
2019-06-17 09:00:00,BITSTAMP:BTCUSD,8973.02,11247.62,8918.0,10831.95,70179.03609093
2019-06-24 09:00:00,BITSTAMP:BTCUSD,10827.23,13880.0,10300.0,10760.1,137601.50428437
2019-07-01 09:00:00,BITSTAMP:BTCUSD,10759.24,12061.04,9614.08,11469.96,100246.50470339
2019-07-08 09:00:00,BITSTAMP:BTCUSD,11478.43,13200.0,10090.0,10191.87,96062.97030983
2019-07-15 09:00:00,BITSTAMP:BTCUSD,10191.87,11120.0,9049.54,10600.24,101471.67421588
2019-07-22 09:00:00,BITSTAMP:BTCUSD,10605.03,10686.89,9111.0,9533.19,53268.50402609
2019-07-29 09:00:00,BITSTAMP:BTCUSD,9538.73,11085.99,9360.0,10986.96,50041.17451748
2019-08-05 09:00:00,BITSTAMP:BTCUSD,10986.55,12325.0,10986.55,11528.73,78451.5061703
2019-08-12 09:00:00,BITSTAMP:BTCUSD,11527.44,11551.57,9467.57,10318.99,58569.35062751
2019-08-19 09:00:00,BITSTAMP:BTCUSD,10318.99,10955.48,9755.53,10136.75,45067.79312166
2019-08-26 09:00:00,BITSTAMP:BTCUSD,10136.75,10650.0,9320.0,9767.53,37657.10498579
2019-09-02 09:00:00,BITSTAMP:BTCUSD,9767.56,10949.0,9753.24,10400.18,49213.56552987
2019-09-09 09:00:00,BITSTAMP:BTCUSD,10387.33,10542.93,9855.11,10305.74,28761.37405576
2019-09-16 09:00:00,BITSTAMP:BTCUSD,10320.36,10380.07,9600.0,10020.58,33808.79032852
2019-09-23 09:00:00,BITSTAMP:BTCUSD,10022.38,10048.06,7733.99,8047.6,89548.47798612
2019-09-30 09:00:00,BITSTAMP:BTCUSD,8060.13,8531.25,7714.7,7854.12,50575.65981542
2019-10-07 09:00:00,BITSTAMP:BTCUSD,7863.75,8820.0,7763.54,8282.96,46109.38102001
2019-10-14 09:00:00,BITSTAMP:BTCUSD,8278.39,8420.85,7811.62,8235.74,38810.69859726
2019-10-21 09:00:00,BITSTAMP:BTCUSD,8236.49,10350.0,7293.55,9557.08,104550.78017194
2019-10-28 09:00:00,BITSTAMP:BTCUSD,9547.32,9950.0,8961.53,9207.0,54590.13531242
2019-11-04 09:00:00,BITSTAMP:BTCUSD,9207.0,9586.5,8661.0,9024.49,33222.77552301
2019-11-11 09:00:00,BITSTAMP:BTCUSD,9029.88,9075.32,8363.0,8499.31,26181.73431983
2019-11-18 09:00:00,BITSTAMP:BTCUSD,8499.53,8508.4,6785.0,6908.36,53326.6924833
2019-11-25 09:00:00,BITSTAMP:BTCUSD,6900.9,7870.35,6515.0,7412.66,67026.14573654
2019-12-02 09:00:00,BITSTAMP:BTCUSD,7411.75,7772.71,7087.09,7524.26,27256.23507943
2019-12-09 09:00:00,BITSTAMP:BTCUSD,7516.8,7666.0,7007.0,7115.08,25508.43480849
2019-12-16 09:00:00,BITSTAMP:BTCUSD,7115.08,7530.0,6425.0,7509.7,40527.4746005
2019-12-23 09:00:00,BITSTAMP:BTCUSD,7521.88,7692.98,7052.0,7385.54,23714.75676272
2019-12-30 09:00:00,BITSTAMP:BTCUSD,7372.79,7495.0,6853.53,7356.7,25490.16260224
2020-01-06 09:00:00,BITSTAMP:BTCUSD,7352.12,8463.57,7342.46,8180.76,51601.48463655
2020-01-13 09:00:00,BITSTAMP:BTCUSD,8180.75,9188.1,8039.0,8696.6,58167.63102561
2020-01-20 09:00:00,BITSTAMP:BTCUSD,8698.97,8792.98,8212.9,8590.48,35153.51628436
2020-01-27 09:00:00,BITSTAMP:BTCUSD,8600.0,9570.0,8546.55,9329.39,43306.82518068
2020-02-03 09:00:00,BITSTAMP:BTCUSD,9309.69,10178.54,9075.0,10173.97,37356.37996784
2020-02-10 09:00:00,BITSTAMP:BTCUSD,10173.51,10500.5,9598.49,9912.89,47675.28554981
2020-02-17 09:00:00,BITSTAMP:BTCUSD,9925.96,10300.0,9312.0,9965.21,38910.12924248
2020-02-24 09:00:00,BITSTAMP:BTCUSD,9969.79,10027.66,8410.0,8528.95,46036.73309396
2020-03-02 09:00:00,BITSTAMP:BTCUSD,8516.0,9219.13,7995.48,8033.7,36629.65673871
2020-03-09 09:00:00,BITSTAMP:BTCUSD,8035.79,8191.13,3850.0,5343.64,172635.16199898
2020-03-16 09:00:00,BITSTAMP:BTCUSD,5353.04,7139.0,4435.89,5813.15,152476.32182205
2020-03-23 09:00:00,BITSTAMP:BTCUSD,5816.57,6989.04,5686.34,5870.9,94573.05832589
2020-03-30 09:00:00,BITSTAMP:BTCUSD,5878.47,7236.39,5856.0,6775.2,70419.31005982
2020-04-06 09:00:00,BITSTAMP:BTCUSD,6780.57,7469.0,6750.15,6908.24,63716.24533131
2020-04-13 09:00:00,BITSTAMP:BTCUSD,6908.21,7306.15,6472.67,7126.4,60254.00288518
2020-04-20 09:00:00,BITSTAMP:BTCUSD,7124.27,7756.69,6757.75,7701.73,54394.39522182
2020-04-27 09:00:00,BITSTAMP:BTCUSD,7708.87,9485.26,7637.03,8915.98,90703.05114993
2020-05-04 09:00:00,BITSTAMP:BTCUSD,8924.14,10074.0,8109.0,8731.17,121856.4978396
2020-05-11 09:00:00,BITSTAMP:BTCUSD,8740.88,9945.34,8181.0,9665.7,114184.50869071
2020-05-18 09:00:00,BITSTAMP:BTCUSD,9672.95,9966.12,8669.0,8718.77,73340.67880949
2020-05-25 09:00:00,BITSTAMP:BTCUSD,8710.12,9758.27,8630.0,9446.19,53042.00691613
2020-06-01 09:00:00,BITSTAMP:BTCUSD,9444.61,10429.26,9135.68,9750.04,68669.0848275
2020-06-08 09:00:00,BITSTAMP:BTCUSD,9759.04,10011.4,9078.91,9329.99,49148.59177276
2020-06-15 09:00:00,BITSTAMP:BTCUSD,9329.99,9596.31,8900.0,9283.03,38341.62442907
2020-06-22 09:00:00,BITSTAMP:BTCUSD,9287.89,9798.76,8830.63,9118.01,45799.49876681
2020-06-29 09:00:00,BITSTAMP:BTCUSD,9118.8,9300.0,8905.0,9076.82,27670.22486561
2020-07-06 09:00:00,BITSTAMP:BTCUSD,9077.18,9479.57,9053.14,9306.17,28315.81948601
2020-07-13 09:00:00,BITSTAMP:BTCUSD,9304.94,9351.17,9026.51,9211.99,24244.16209023
2020-07-20 09:00:00,BITSTAMP:BTCUSD,9213.15,10200.0,9128.21,9944.65,46693.48497079
2020-07-27 09:00:00,BITSTAMP:BTCUSD,9941.25,12100.0,9933.77,11071.66,101978.64311276
2020-08-03 09:00:00,BITSTAMP:BTCUSD,11074.92,11920.0,10933.26,11683.03,47005.6962185
2020-08-10 09:00:00,BITSTAMP:BTCUSD,11684.6,12080.0,11130.0,11914.02,42664.80300814
2020-08-17 09:00:00,BITSTAMP:BTCUSD,11916.83,12473.0,11367.0,11644.65,43615.2480828
2020-08-24 09:00:00,BITSTAMP:BTCUSD,11653.7,11832.55,11112.75,11708.97,32501.07818002
2020-08-31 09:00:00,BITSTAMP:BTCUSD,11713.11,12065.82,9850.0,10260.17,78736.19707203
2020-09-07 09:00:00,BITSTAMP:BTCUSD,10258.43,10576.78,9825.07,10334.78,47461.46527966
2020-09-14 09:00:00,BITSTAMP:BTCUSD,10338.82,11183.01,10250.13,10923.5,37510.14607747
2020-09-21 09:00:00,BITSTAMP:BTCUSD,10921.53,10996.98,10138.3,10780.66,38347.80100277
2020-09-28 09:00:00,BITSTAMP:BTCUSD,10779.99,10950.0,10380.0,10669.63,32524.8825737
2020-10-05 09:00:00,BITSTAMP:BTCUSD,10666.16,11496.06,10525.0,11372.93,31751.36113734
2020-10-12 09:00:00,BITSTAMP:BTCUSD,11372.48,11731.7,11175.99,11519.97,27319.69830074
2020-10-19 09:00:00,BITSTAMP:BTCUSD,11518.58,13363.53,11409.94,13039.09,52166.77242322
2020-10-26 09:00:00,BITSTAMP:BTCUSD,13041.12,14100.0,12773.5,13762.0,54378.58465957
2020-11-02 09:00:00,BITSTAMP:BTCUSD,13762.0,15968.98,13220.0,15489.15,73010.28888116
2020-11-09 09:00:00,BITSTAMP:BTCUSD,15484.68,16494.52,14824.66,15975.49,65719.14282049
2020-11-16 09:00:00,BITSTAMP:BTCUSD,15975.49,18977.0,15875.5,18435.2,65568.69176432
2020-11-23 09:00:00,BITSTAMP:BTCUSD,18432.6,19490.0,16218.0,18192.03,70234.36767588
2020-11-30 09:00:00,BITSTAMP:BTCUSD,18196.75,19918.01,18100.0,19380.58,46493.56459558
2020-12-07 09:00:00,BITSTAMP:BTCUSD,19385.13,19431.0,17569.58,19162.36,40449.84834316
2020-12-14 09:00:00,BITSTAMP:BTCUSD,19151.82,24298.04,18979.21,23470.85,73098.80271362
2020-12-21 09:00:00,BITSTAMP:BTCUSD,23470.85,28377.94,21864.86,26259.6,67965.21387615
2020-12-28 09:00:00,BITSTAMP:BTCUSD,26242.82,34800.0,25831.85,33097.83,79594.39163482
2021-01-04 09:00:00,BITSTAMP:BTCUSD,33068.83,42000.0,27734.0,38173.73,126513.78207127
2021-01-11 09:00:00,BITSTAMP:BTCUSD,38164.88,40112.78,30261.13,35819.25,111650.1381281
2021-01-18 09:00:00,BITSTAMP:BTCUSD,35826.36,37874.71,28800.0,32288.83,73139.22052764
2021-01-25 09:00:00,BITSTAMP:BTCUSD,32289.06,38620.0,29150.49,33141.38,105347.75797631
2021-02-01 09:00:00,BITSTAMP:BTCUSD,33110.32,41025.48,32333.01,38858.39,55960.93211402
2021-02-08 09:00:00,BITSTAMP:BTCUSD,38870.36,49714.66,38050.97,48662.5,65876.44321015
2021-02-15 09:00:00,BITSTAMP:BTCUSD,48620.48,58354.14,45914.75,57492.91,49179.87505794
2021-02-22 09:00:00,BITSTAMP:BTCUSD,57485.74,57564.19,43021.0,45240.96,69331.00445925
2021-03-01 09:00:00,BITSTAMP:BTCUSD,45261.56,52652.82,45020.25,50967.3,35430.40464755
2021-03-08 09:00:00,BITSTAMP:BTCUSD,50952.55,61781.83,49316.98,59016.39,38099.48605222
2021-03-15 09:00:00,BITSTAMP:BTCUSD,58956.9,60595.13,53221.0,57381.79,36350.20745335
2021-03-22 09:00:00,BITSTAMP:BTCUSD,57410.54,58461.78,50360.0,55790.92,34670.69584881
2021-03-29 09:00:00,BITSTAMP:BTCUSD,55790.28,60103.04,54892.42,58212.18,21804.88746864
2021-04-05 09:00:00,BITSTAMP:BTCUSD,58213.69,61222.22,55441.93,59979.26,23556.53782028
2021-04-12 09:00:00,BITSTAMP:BTCUSD,59972.26,64895.22,51541.16,56280.6,40593.6107434
2021-04-19 09:00:00,BITSTAMP:BTCUSD,56260.83,57633.0,47004.2,49128.43,43334.13814596
2021-04-26 09:00:00,BITSTAMP:BTCUSD,49122.75,58549.0,48823.01,56622.66,27817.93044151
2021-05-03 09:00:00,BITSTAMP:BTCUSD,56599.91,59564.24,52924.5,58305.24,29785.83104546
2021-05-10 09:00:00,BITSTAMP:BTCUSD,58336.16,59603.0,43769.4,46444.75,39631.42749072
2021-05-17 09:00:00,BITSTAMP:BTCUSD,46446.42,46648.5,30066.0,34706.79,93913.66925193
2021-05-24 09:00:00,BITSTAMP:BTCUSD,34735.35,40904.0,33425.0,35677.72,37901.48954003
2021-05-31 09:00:00,BITSTAMP:BTCUSD,35675.3,39490.0,34195.2,35808.85,29480.86167383
2021-06-07 09:00:00,BITSTAMP:BTCUSD,35810.69,39386.43,31025.0,39013.76,39330.10146011
2021-06-14 09:00:00,BITSTAMP:BTCUSD,39035.52,41341.57,33337.0,35589.77,29265.7058612
2021-06-21 09:00:00,BITSTAMP:BTCUSD,35598.66,35763.8,28600.0,34699.5,40599.97658021
2021-06-28 09:00:00,BITSTAMP:BTCUSD,34716.02,36623.79,32700.05,35289.21,17584.6496665
2021-07-05 09:00:00,BITSTAMP:BTCUSD,35255.0,35258.7,32101.0,34258.53,13840.7734605
2021-07-12 09:00:00,BITSTAMP:BTCUSD,34266.84,34677.0,31012.93,31776.65,13692.50920349
2021-07-19 09:00:00,BITSTAMP:BTCUSD,31794.49,35448.97,29296.39,35428.28,18634.49773061
2021-07-26 09:00:00,BITSTAMP:BTCUSD,35438.93,42614.85,35282.7,39839.0,28188.1833748
2021-08-02 09:00:00,BITSTAMP:BTCUSD,39875.2,45355.0,37300.0,43858.42,27044.30648492
2021-08-09 09:00:00,BITSTAMP:BTCUSD,43836.05,48190.0,42811.26,47028.3,18991.78406847
2021-08-16 09:00:00,BITSTAMP:BTCUSD,47024.96,49833.02,43935.54,49301.86,16287.20124687
2021-08-23 09:00:00,BITSTAMP:BTCUSD,49296.71,50562.11,46309.33,48808.72,12312.24659619
2021-08-30 09:00:00,BITSTAMP:BTCUSD,48782.56,51900.0,46532.42,51809.28,12460.77073271
2021-09-06 09:00:00,BITSTAMP:BTCUSD,51809.28,52956.47,42900.01,46035.0,19089.43743388
2021-09-13 09:00:00,BITSTAMP:BTCUSD,46039.42,48834.0,43400.0,47245.25,11156.29453987
2021-09-20 09:00:00,BITSTAMP:BTCUSD,47257.86,47334.54,39573.21,43204.73,22448.68396705
2021-09-27 09:00:00,BITSTAMP:BTCUSD,43162.82,49225.55,40750.0,48235.93,14576.10470638
2021-10-04 09:00:00,BITSTAMP:BTCUSD,48231.04,56561.0,46900.0,54714.95,16750.21422349
2021-10-11 09:00:00,BITSTAMP:BTCUSD,54657.0,62944.94,53909.0,61538.97,17149.77718207
2021-10-18 09:00:00,BITSTAMP:BTCUSD,61519.52,67016.5,59013.0,60910.16,21390.85714593
2021-10-25 09:00:00,BITSTAMP:BTCUSD,60883.96,63733.93,56425.0,61359.44,17908.50910801
2021-11-01 09:00:00,BITSTAMP:BTCUSD,61356.57,64300.0,59500.0,63300.0,13453.52284676
2021-11-08 09:00:00,BITSTAMP:BTCUSD,63300.0,69000.0,62294.84,65509.87,14452.00755841
2021-11-15 09:00:00,BITSTAMP:BTCUSD,65509.87,66387.4,55640.0,58678.47,21856.42409757
2021-11-22 09:00:00,BITSTAMP:BTCUSD,58679.27,59516.78,53308.93,57338.55,16807.87128656
2021-11-29 09:00:00,BITSTAMP:BTCUSD,57327.32,59250.0,41967.5,49463.22,29054.07833898
2021-12-06 09:00:00,BITSTAMP:BTCUSD,49484.0,51991.0,46789.0,50124.38,15817.5126339
2021-12-13 09:00:00,BITSTAMP:BTCUSD,50102.31,50226.2,45478.74,46704.67,13590.32495811
2021-12-20 09:00:00,BITSTAMP:BTCUSD,46671.66,51864.56,45572.94,50791.21,9706.57068137
2021-12-27 09:00:00,BITSTAMP:BTCUSD,50885.32,52098.6,45655.31,47350.22,10814.40368646
2022-01-03 09:00:00,BITSTAMP:BTCUSD,47290.55,47586.58,40517.05,41875.81,14919.0733951
2022-01-10 09:00:00,BITSTAMP:BTCUSD,41853.98,44456.34,39558.7,43107.7,13151.16817474
2022-01-17 09:00:00,BITSTAMP:BTCUSD,43099.08,43518.69,34000.0,36293.62,20034.64852038
2022-01-24 09:00:00,BITSTAMP:BTCUSD,36262.21,38946.0,32950.72,37941.82,20322.18178352
2022-01-31 09:00:00,BITSTAMP:BTCUSD,37914.1,42701.86,36264.55,42420.24,14028.90796604
2022-02-07 09:00:00,BITSTAMP:BTCUSD,42420.24,45850.0,41682.11,42077.74,13090.2746405
2022-02-14 09:00:00,BITSTAMP:BTCUSD,42078.53,44785.66,37974.18,38373.9,10926.96586618
2022-02-21 09:00:00,BITSTAMP:BTCUSD,38384.09,40330.99,34324.05,37712.68,18789.55219299
2022-02-28 09:00:00,BITSTAMP:BTCUSD,37717.1,45332.38,37468.99,38438.89,14783.84686319
2022-03-07 09:00:00,BITSTAMP:BTCUSD,38404.97,42591.68,37169.52,37790.54,12065.10105034
2022-03-14 09:00:00,BITSTAMP:BTCUSD,37763.37,42405.01,37567.19,41242.14,14887.13958032
2022-03-21 09:00:00,BITSTAMP:BTCUSD,41293.19,46950.0,40516.86,46864.39,12005.80778868
2022-03-28 09:00:00,BITSTAMP:BTCUSD,46854.96,48234.0,44244.0,46401.57,11149.93415665
2022-04-04 09:00:00,BITSTAMP:BTCUSD,46414.88,47201.0,41888.88,42133.85,9921.66823583
2022-04-11 09:00:00,BITSTAMP:BTCUSD,42159.45,42415.57,39218.15,39691.27,8736.50749539
2022-04-18 09:00:00,BITSTAMP:BTCUSD,39660.62,42978.95,38547.12,39467.4,10600.32353966
2022-04-25 09:00:00,BITSTAMP:BTCUSD,39464.67,40800.0,37400.0,38488.34,12319.54325459
2022-05-02 09:00:00,BITSTAMP:BTCUSD,38484.46,40050.19,33710.16,34025.5,15115.36165833
2022-05-09 09:00:00,BITSTAMP:BTCUSD,34051.2,34224.35,25401.05,31295.03,53801.95502266
2022-05-16 09:00:00,BITSTAMP:BTCUSD,31275.27,31275.27,28615.23,30264.66,14238.34842927
2022-05-23 09:00:00,BITSTAMP:BTCUSD,30264.66,30628.0,28003.0,29448.94,11788.13844096
2022-05-30 09:00:00,BITSTAMP:BTCUSD,29454.69,32375.81,29232.99,29888.98,10922.99866764
2022-06-06 09:00:00,BITSTAMP:BTCUSD,29905.46,31737.31,26500.0,26585.1,15754.33462973
2022-06-13 09:00:00,BITSTAMP:BTCUSD,26538.63,26845.63,17592.78,20552.82,56244.82532884
2022-06-20 09:00:00,BITSTAMP:BTCUSD,20557.2,21868.0,19616.1,21028.69,20623.54605568
2022-06-27 09:00:00,BITSTAMP:BTCUSD,21029.19,21516.85,18595.6,19294.46,17555.23714539
2022-07-04 09:00:00,BITSTAMP:BTCUSD,19296.88,22401.0,19032.44,20856.08,16033.16710084
2022-07-11 09:00:00,BITSTAMP:BTCUSD,20851.14,21664.52,18905.55,20801.85,13713.06092024
2022-07-18 09:00:00,BITSTAMP:BTCUSD,20786.76,24280.3,20757.29,22595.81,19009.93506529
2022-07-25 09:00:00,BITSTAMP:BTCUSD,22589.47,24676.0,20700.13,23322.53,16436.60170648
2022-08-01 09:00:00,BITSTAMP:BTCUSD,23287.38,23642.14,22400.0,23187.62,9030.17845035
2022-08-08 09:00:00,BITSTAMP:BTCUSD,23177.72,25053.0,22668.57,24320.0,10777.8349884
2022-08-15 09:00:00,BITSTAMP:BTCUSD,24324.0,25212.0,20769.0,21514.0,11334.66131226
2022-08-22 09:00:00,BITSTAMP:BTCUSD,21517.0,21892.0,19526.0,19557.0,11315.05206411
2022-08-29 09:00:00,BITSTAMP:BTCUSD,19571.0,20575.0,19552.0,20007.0,10028.44139297
2022-09-05 09:00:00,BITSTAMP:BTCUSD,20014.0,21871.0,18540.0,21835.0,14107.65463115
2022-09-12 09:00:00,BITSTAMP:BTCUSD,21836.0,22781.0,19330.0,19419.0,16819.75691148
2022-09-19 09:00:00,BITSTAMP:BTCUSD,19418.0,19902.0,18157.0,18810.0,18397.39974162
2022-09-26 09:00:00,BITSTAMP:BTCUSD,18809.0,20381.0,18461.0,19051.0,16513.31465137
2022-10-03 09:00:00,BITSTAMP:BTCUSD,19060.0,20469.0,18975.0,19445.0,9308.83553152
2022-10-10 09:00:00,BITSTAMP:BTCUSD,19436.0,19947.0,18183.0,19264.0,8239.71931098
2022-10-17 09:00:00,BITSTAMP:BTCUSD,19262.0,19700.0,18660.0,19574.0,9034.32568108
2022-10-24 09:00:00,BITSTAMP:BTCUSD,19576.0,21078.0,19169.0,20628.0,12062.37170886
2022-10-31 09:00:00,BITSTAMP:BTCUSD,20631.0,21473.0,20039.0,20907.0,11280.49564663
2022-11-07 09:00:00,BITSTAMP:BTCUSD,20899.0,21070.0,15632.0,16310.0,40406.30165461
2022-11-14 09:00:00,BITSTAMP:BTCUSD,16300.0,17130.0,15784.0,16256.0,25970.84045141
2022-11-21 09:00:00,BITSTAMP:BTCUSD,16250.0,16783.0,15479.0,16424.0,19738.05918713
2022-11-28 09:00:00,BITSTAMP:BTCUSD,16420.0,17250.0,16004.0,17114.0,18326.36467985
2022-12-05 09:00:00,BITSTAMP:BTCUSD,17113.0,17418.0,16734.0,17091.0,9608.86173601
2022-12-12 09:00:00,BITSTAMP:BTCUSD,17089.0,18373.0,16572.0,16749.0,15924.11241445
2022-12-19 09:00:00,BITSTAMP:BTCUSD,16744.0,17046.0,16293.0,16828.0,11655.76793701
2022-12-26 09:00:00,BITSTAMP:BTCUSD,16828.0,16961.0,16337.0,16615.0,10017.4230138
2023-01-02 09:00:00,BITSTAMP:BTCUSD,16615.0,17163.0,16552.0,17119.0,8684.55224976
2023-01-09 09:00:00,BITSTAMP:BTCUSD,17124.0,21247.0,17108.0,20885.0,22559.49885581
2023-01-16 09:00:00,BITSTAMP:BTCUSD,20879.0,23362.0,20358.0,22717.0,19225.49846011
2023-01-23 09:00:00,BITSTAMP:BTCUSD,22708.0,23954.0,22334.0,23746.0,12250.65753656
2023-01-30 09:00:00,BITSTAMP:BTCUSD,23748.0,24258.0,22504.0,22937.0,12765.22601131
2023-02-06 09:00:00,BITSTAMP:BTCUSD,22942.0,23439.0,21454.0,21789.0,11672.53428563
2023-02-13 09:00:00,BITSTAMP:BTCUSD,21790.0,25270.0,21376.0,24296.0,15562.9519607
2023-02-20 09:00:00,BITSTAMP:BTCUSD,24271.0,25250.0,22770.0,23562.0,12952.25733598
2023-02-27 09:00:00,BITSTAMP:BTCUSD,23560.0,23990.0,22000.0,22428.0,10223.82138482
2023-03-06 09:00:00,BITSTAMP:BTCUSD,22427.0,22590.0,19569.0,22183.0,19731.73194548
2023-03-13 09:00:00,BITSTAMP:BTCUSD,22190.0,28474.0,21900.0,28054.0,32220.85302464
2023-03-20 09:00:00,BITSTAMP:BTCUSD,28081.0,29380.0,26688.0,28004.0,19983.70180431
2023-03-27 09:00:00,BITSTAMP:BTCUSD,27992.0,29170.0,26541.0,28186.0,13118.51507118
2023-04-03 09:00:00,BITSTAMP:BTCUSD,28179.0,28782.0,27236.0,28340.0,7899.19381548
2023-04-10 09:00:00,BITSTAMP:BTCUSD,28353.0,31035.0,28184.0,30330.0,12589.82647433
2023-04-17 09:00:00,BITSTAMP:BTCUSD,30328.0,30483.0,27137.0,27596.0,14491.05689271
2023-04-24 09:00:00,BITSTAMP:BTCUSD,27594.0,30022.0,26981.0,29235.0,17939.37250194
2023-05-01 09:00:00,BITSTAMP:BTCUSD,29254.0,29851.0,27666.0,28472.0,13732.45286018
2023-05-08 09:00:00,BITSTAMP:BTCUSD,28485.0,28667.0,25800.0,26933.0,16925.1661532
2023-05-15 09:00:00,BITSTAMP:BTCUSD,26933.0,27666.0,26374.0,26750.0,10711.54645772
2023-05-22 09:00:00,BITSTAMP:BTCUSD,26753.0,28248.0,25878.0,28072.0,10116.2695343
2023-05-29 09:00:00,BITSTAMP:BTCUSD,28071.0,28452.0,26519.0,27125.0,10353.84771604
2023-06-05 09:00:00,BITSTAMP:BTCUSD,27114.0,27388.0,25350.0,25941.0,17488.6522869
2023-06-12 09:00:00,BITSTAMP:BTCUSD,25940.0,26785.0,24756.0,26340.0,14008.91177596
2023-06-19 09:00:00,BITSTAMP:BTCUSD,26336.0,31458.0,26260.0,30477.0,21854.17880658
2023-06-26 09:00:00,BITSTAMP:BTCUSD,30480.0,31268.0,29508.0,30616.0,14582.13307147
2023-07-03 09:00:00,BITSTAMP:BTCUSD,30616.0,31500.0,29722.0,30167.0,9798.17273222
2023-07-10 09:00:00,BITSTAMP:BTCUSD,30170.0,31818.0,29961.0,30253.0,12118.32658671
2023-07-17 09:00:00,BITSTAMP:BTCUSD,30247.0,30414.0,29521.0,30085.0,8920.71955679
2023-07-24 09:00:00,BITSTAMP:BTCUSD,30085.0,30099.0,28842.0,29279.0,9298.36323928
2023-07-31 09:00:00,BITSTAMP:BTCUSD,29279.0,30025.0,28574.0,29042.0,8817.18926479
2023-08-07 09:00:00,BITSTAMP:BTCUSD,29041.0,30210.0,28671.0,29284.0,7968.45140552
2023-08-14 09:00:00,BITSTAMP:BTCUSD,29280.0,29659.0,25601.0,26192.0,13483.9183792
2023-08-21 09:00:00,BITSTAMP:BTCUSD,26193.0,26800.0,25350.0,26090.0,10119.79318693
2023-08-28 09:00:00,BITSTAMP:BTCUSD,26087.0,28142.0,25333.0,25970.0,13939.30409282
2023-09-04 09:00:00,BITSTAMP:BTCUSD,25972.0,26429.0,25386.0,25836.0,7979.350026
2023-09-11 09:00:00,BITSTAMP:BTCUSD,25839.0,26878.0,24920.0,26535.0,11408.9263336
2023-09-18 09:00:00,BITSTAMP:BTCUSD,26533.0,27486.0,26148.0,26248.0,9451.11417832
2023-09-25 09:00:00,BITSTAMP:BTCUSD,26215.0,28053.0,25977.0,27995.0,10135.66981188
2023-10-02 09:00:00,BITSTAMP:BTCUSD,27995.0,28592.0,27170.0,27933.0,9327.18896219
2023-10-09 09:00:00,BITSTAMP:BTCUSD,27930.0,27996.0,26533.0,27174.0,7985.11803408
2023-10-16 09:00:00,BITSTAMP:BTCUSD,27161.0,30364.0,27123.0,30002.0,14222.50124606
2023-10-23 09:00:00,BITSTAMP:BTCUSD,30007.0,35198.0,29898.0,34538.0,19038.67894468
2023-10-30 09:00:00,BITSTAMP:BTCUSD,34549.0,35968.0,34061.0,35045.0,10095.13029752
2023-11-06 09:00:00,BITSTAMP:BTCUSD,35043.0,37978.0,34530.0,37086.0,10205.03450988
2023-11-13 09:00:00,BITSTAMP:BTCUSD,37085.0,37975.0,35002.0,37426.0,11542.99802766
2023-11-20 09:00:00,BITSTAMP:BTCUSD,37426.0,38437.0,35651.0,37460.0,11374.68231472
2023-11-27 09:00:00,BITSTAMP:BTCUSD,37467.0,40210.0,36727.0,39989.0,10851.90491858
2023-12-04 09:00:00,BITSTAMP:BTCUSD,39988.0,44729.0,39988.0,43786.0,11560.93867037
2023-12-11 09:00:00,BITSTAMP:BTCUSD,43786.0,43801.0,40181.0,41345.0,14219.66061934
2023-12-18 09:00:00,BITSTAMP:BTCUSD,41337.0,44409.0,40513.0,43033.0,11963.48936641
2023-12-25 09:00:00,BITSTAMP:BTCUSD,43015.0,43812.0,41306.0,42258.0,11586.50235045
2024-01-01 09:00:00,BITSTAMP:BTCUSD,42258.0,45922.0,41454.0,43944.0,18347.23781354
2024-01-08 09:00:00,BITSTAMP:BTCUSD,43936.0,49048.0,41509.0,41715.0,23593.81341452
2024-01-15 09:00:00,BITSTAMP:BTCUSD,41701.0,43566.0,40258.0,41560.0,11519.14578605
2024-01-22 09:00:00,BITSTAMP:BTCUSD,41555.0,42824.0,38505.0,42026.0,16387.35721396
2024-01-29 09:00:00,BITSTAMP:BTCUSD,42027.0,43853.0,41804.0,42570.0,13186.19087115
2024-02-05 09:00:00,BITSTAMP:BTCUSD,42568.0,48601.0,42244.0,48313.0,13562.77146502
2024-02-12 09:00:00,BITSTAMP:BTCUSD,48313.0,52884.0,47720.0,52130.0,13460.94925124
2024-02-19 09:00:00,BITSTAMP:BTCUSD,52155.0,53015.0,50519.0,51722.0,10884.79967937
2024-02-26 09:00:00,BITSTAMP:BTCUSD,51738.0,64000.0,50909.0,63142.0,21368.45054236
2024-03-04 09:00:00,BITSTAMP:BTCUSD,63140.0,70184.0,59313.0,69026.0,26600.2867971
2024-03-11 09:00:00,BITSTAMP:BTCUSD,69013.0,73794.0,64522.0,68352.0,26080.06132926
2024-03-18 09:00:00,BITSTAMP:BTCUSD,68344.0,68902.0,60760.0,67188.0,21200.49192775
2024-03-25 09:00:00,BITSTAMP:BTCUSD,67208.0,71754.0,66407.0,71285.0,12560.61251473
2024-04-01 09:00:00,BITSTAMP:BTCUSD,71296.0,71296.0,64511.0,69358.0,13827.36201422
2024-04-08 09:00:00,BITSTAMP:BTCUSD,69336.0,72756.0,61308.0,65749.0,18208.35188056
2024-04-15 09:00:00,BITSTAMP:BTCUSD,65748.0,66900.0,59629.0,64950.0,16691.96426122
2024-04-22 09:00:00,BITSTAMP:BTCUSD,64951.0,67241.0,62405.0,63098.0,9998.1432861
2024-04-29 09:00:00,BITSTAMP:BTCUSD,63106.0,64714.0,56500.0,64021.0,14340.06570375
2024-05-06 09:00:00,BITSTAMP:BTCUSD,64024.0,65513.0,60176.0,61462.0,9240.08023991
2024-05-13 09:00:00,BITSTAMP:BTCUSD,61446.0,67654.0,60758.0,66275.0,11713.177327
2024-05-20 09:00:00,BITSTAMP:BTCUSD,66255.0,71958.0,66074.0,68489.0,10591.10978768
2024-05-27 09:00:00,BITSTAMP:BTCUSD,68471.0,70401.0,68225.0,70211.0,944.7499847
